{"_id":{"$oid":"5c971b6ac27a690004ad3c52"},"orderId":"qPVzAX","cusId":"Sa5fmb","time":1.55340682655e+12,"status":"INITIATED","name":"shivesh navin","email":"shiveshnavin@gmail.com","phone":"8527483275","amount":77,"pname":"Gum Paper","extra":"","__v":0}
{"_id":{"$oid":"5c971b91c27a690004ad3c53"},"orderId":"qbuEC3","cusId":"Sa5fmb","time":1.553406865539e+12,"status":"INITIATED","name":"shivesh navin","email":"shiveshnavin@gmail.com","phone":"8527483275","amount":77,"pname":"Gum Paper","extra":"","__v":0}
{"_id":{"$oid":"5c971b9ac27a690004ad3c54"},"orderId":"ZncQel","cusId":"Sa5fmb","time":1.55340687437e+12,"status":"INITIATED","name":"shivesh navin","email":"shiveshnavin@gmail.com","phone":"8527483275","amount":77,"pname":"Gum Paper","extra":"","__v":0}
{"_id":{"$oid":"5c971ff8c27a690004ad3c55"},"orderId":"GjIJMa","cusId":"Sa5fmb","time":1.553407992724e+12,"status":"TXN_SUCCESS","name":"shivesh navin","email":"shiveshnavin@gmail.com","phone":"8527483275","amount":6,"pname":"5","extra":"{\"ORDERID\":\"GjIJMa\",\"MID\":\"hLhnoB95547314388857\",\"TXNID\":\"20190324111212800110168088700363391\",\"TXNAMOUNT\":\"6.00\",\"PAYMENTMODE\":\"NB\",\"CURRENCY\":\"INR\",\"TXNDATE\":\"2019-03-24 11:43:16.0\",\"STATUS\":\"TXN_SUCCESS\",\"RESPCODE\":\"01\",\"RESPMSG\":\"Txn Success\",\"GATEWAYNAME\":\"ANDB\",\"BANKTXNID\":\"13323\",\"BANKNAME\":\"ANDB\",\"CHECKSUMHASH\":\"Z76s6xAybAaQhE1+Dczuyafoh0wJNZ63K2CbnpTkL+4CzHugrxoYft/vbuQVRLkSDG+Wpubtqg7clKNLF4/2MwOUbCHVkOZD5M2dlg05zrM=\"}","__v":0}
{"_id":{"$oid":"5c972057c27a690004ad3c56"},"orderId":"GPqYes","cusId":"Sa5fmb","time":1.553408087242e+12,"status":"INITIATED","name":"shivesh navin","email":"shiveshnavin@gmail.com","phone":"8527483275","amount":6,"pname":"5","extra":"","__v":0}
{"_id":{"$oid":"5c972061c27a690004ad3c57"},"orderId":"QlaeRY","cusId":"Sa5fmb","time":1.553408097193e+12,"status":"INITIATED","name":"shivesh navin","email":"shiveshnavin@gmail.com","phone":"8527483275","amount":6,"pname":"5","extra":"","__v":0}
{"_id":{"$oid":"5c974825e9fee90004fb9a78"},"orderId":"xV5Yqk","cusId":"J6rbrZ","time":1.553418277396e+12,"status":"INITIATED","name":"susjan","email":"sjsj@gmsim.com","phone":"7677387039","amount":4000,"pname":"utm","extra":"","__v":0}
{"_id":{"$oid":"5c976b99e9fee90004fb9a7a"},"orderId":"6YHlMj","cusId":"5lBaxV","time":1.553427353458e+12,"status":"INITIATED","name":"abv","email":"abc@abc.com","phone":"2344445","amount":100,"pname":"fg","extra":"","__v":0}
{"_id":{"$oid":"5c97cc556037390004c6490f"},"orderId":"UghBH5","cusId":"FUQmfX","time":1.553452117285e+12,"status":"INITIATED","name":"Vinod","email":"raina.vineet939@gmail.com","phone":"919988340783","amount":200,"pname":"Bag","extra":"","__v":0}
{"_id":{"$oid":"5c97d26a6037390004c64911"},"orderId":"wJCMZ0","cusId":"hzqDkb","time":1.553453674681e+12,"status":"INITIATED","name":"Hshs","email":"Gsbsk@gnsj.xom","phone":"8268292529","amount":200,"pname":"Jdhsk","extra":"","__v":0}
{"_id":{"$oid":"5c983b7e25ec300004430bc1"},"orderId":"OvRSBI","cusId":"1cRba2","time":1.553480574183e+12,"status":"INITIATED","name":"Ggjd","email":"vvhhd@hh.com","phone":"7832526563","amount":200,"pname":"Dhhs","extra":"","__v":0}
{"_id":{"$oid":"5c9874755be49a000441bbe1"},"orderId":"ixYyRF","cusId":"1VKhxM","time":1.553495157933e+12,"status":"INITIATED","name":"Y","email":"Ggg","phone":"67","amount":5,"pname":"H","extra":"","__v":0}
{"_id":{"$oid":"5c9876735be49a000441bbe3"},"orderId":"HcGfrh","cusId":"C2A1mK","time":1.553495667188e+12,"status":"TXN_FAILURE","name":"","email":"","phone":"","amount":null,"pname":"","extra":"{\"ORDERID\":\"HcGfrh\",\"MID\":\"hLhnoB95547314388857\",\"CURRENCY\":\"INR\",\"STATUS\":\"TXN_FAILURE\",\"RESPCODE\":\"308\",\"RESPMSG\":\"Invalid amount.\",\"BANKTXNID\":\"\",\"CHECKSUMHASH\":\"BmBy9COXDaIvlcPSOEO4zpZKJQTSwVDsmJc5C9GwT3JaC8xI9jnS3xj10Jsm9QwF6h/ovoHf+ptNVTuyA0KDW7UXNTcE9rIy95XviRFqmm8=\"}","__v":0}
{"_id":{"$oid":"5c98a7b4f259db000419f2a1"},"orderId":"a44j2W","cusId":"WRWE8J","time":1.553508276033e+12,"status":"TXN_FAILURE","name":"Akshat Jain","email":"gfdsafa@dsfwef.wer","phone":"9458113640","amount":12345,"pname":"fwefewfewfwe","extra":"{\"ORDERID\":\"a44j2W\",\"MID\":\"hLhnoB95547314388857\",\"TXNID\":\"20190325111212800110168940900343627\",\"TXNAMOUNT\":\"12345.00\",\"CURRENCY\":\"INR\",\"STATUS\":\"TXN_FAILURE\",\"RESPCODE\":\"141\",\"RESPMSG\":\"Cancel Request by Customer.\",\"BANKTXNID\":\"\",\"CHECKSUMHASH\":\"J8rhRlmpYGthTWUHHM9C3EUEWrz0TOMT+hEwlP4UPUZaqZQ6eNNb8OyQrdjfzKWz5z5DsR7ZZj4UP0e6E+Brt4cj7dT590g0t7mjccJd2WU=\"}","__v":0}
{"_id":{"$oid":"5c98bec51e05e20004f3952c"},"orderId":"P9gMxk","cusId":"ZGsDlQ","time":1.553514181386e+12,"status":"INITIATED","name":"Shubham","email":"rawat.shubham@yahoo.in","phone":"9811782073","amount":1,"pname":"Uhi","extra":"","__v":0}
{"_id":{"$oid":"5c9911f771254e00045572d8"},"orderId":"skfzpy","cusId":"aXepCf","time":1.553535479731e+12,"status":"INITIATED","name":"Satya","email":"dassatya1995@gmail.com","phone":"9938331114","amount":23,"pname":"Jdjdj","extra":"","__v":0}
{"_id":{"$oid":"5c991c5f54afa9000446f718"},"orderId":"dLiAxk","cusId":"XXAIoo","time":1.553538143864e+12,"status":"INITIATED","name":"GURUDATT KUMAR","email":"gurudattkumar8757@gmail.com","phone":"8714410525","amount":512,"pname":"wk;djl","extra":"","__v":0}
{"_id":{"$oid":"5c999afbc007170004406eb6"},"orderId":"vE3wTy","cusId":"829WTU","time":1.553570555299e+12,"status":"INITIATED","name":"ghh","email":"fgh@gnaik.con","phone":"9876543210","amount":20,"pname":"abc","extra":"","__v":0}
{"_id":{"$oid":"5c9b39ce3b5e5e00048ad302"},"orderId":"uKNTLr","cusId":"pCMh1B","time":1.553676750797e+12,"status":"INITIATED","name":"F h fg","email":"Dr if du ut@","phone":"8854444444","amount":68,"pname":"544","extra":"","__v":0}
{"_id":{"$oid":"5c9ec7aa10c755000419c29d"},"orderId":"vlgYwp","cusId":"9fRt8f","time":1.553909674449e+12,"status":"INITIATED","name":"Mohit Manuja","email":"manuja.mohit@gmail.com","phone":"+919911224691","amount":7,"pname":"6","extra":"","__v":0}
{"_id":{"$oid":"5c9f8f4c7dafca0004b44fb8"},"orderId":"RqrKOK","cusId":"Ri4U8w","time":1.553960780725e+12,"status":"INITIATED","name":"Shubham","email":"hotshubham92@gmail.com","phone":"9015650144","amount":10,"pname":"J","extra":"","__v":0}
