{"_id":{"$oid":"5c971b6ac27a690004ad3c51"},"name":"shivesh navin","email":"shiveshnavin@gmail.com","phone":"8527483275","id":"Sa5fmb","createdAt":{"$date":"2019-03-24T05:53:46.527Z"},"updatedAt":{"$date":"2019-03-24T06:14:57.190Z"},"__v":0}
{"_id":{"$oid":"5c974825e9fee90004fb9a77"},"name":"susjan","email":"sjsj@gmsim.com","phone":"7677387039","id":"J6rbrZ","createdAt":{"$date":"2019-03-24T09:04:37.383Z"},"updatedAt":{"$date":"2019-03-24T09:04:37.383Z"},"__v":0}
{"_id":{"$oid":"5c976b99e9fee90004fb9a79"},"name":"abv","email":"abc@abc.com","phone":"2344445","id":"5lBaxV","createdAt":{"$date":"2019-03-24T11:35:53.455Z"},"updatedAt":{"$date":"2019-03-24T11:35:53.455Z"},"__v":0}
{"_id":{"$oid":"5c97cc556037390004c6490e"},"name":"Vinod","email":"raina.vineet939@gmail.com","phone":"919988340783","id":"FUQmfX","createdAt":{"$date":"2019-03-24T18:28:37.268Z"},"updatedAt":{"$date":"2019-03-24T18:28:37.268Z"},"__v":0}
{"_id":{"$oid":"5c97d26a6037390004c64910"},"name":"Hshs","email":"Gsbsk@gnsj.xom","phone":"8268292529","id":"hzqDkb","createdAt":{"$date":"2019-03-24T18:54:34.678Z"},"updatedAt":{"$date":"2019-03-24T18:54:34.678Z"},"__v":0}
{"_id":{"$oid":"5c983b7e25ec300004430bc0"},"name":"Ggjd","email":"vvhhd@hh.com","phone":"7832526563","id":"1cRba2","createdAt":{"$date":"2019-03-25T02:22:54.172Z"},"updatedAt":{"$date":"2019-03-25T02:22:54.172Z"},"__v":0}
{"_id":{"$oid":"5c9874755be49a000441bbe0"},"name":"Y","email":"Ggg","phone":"67","id":"1VKhxM","createdAt":{"$date":"2019-03-25T06:25:57.916Z"},"updatedAt":{"$date":"2019-03-25T06:25:57.916Z"},"__v":0}
{"_id":{"$oid":"5c9876735be49a000441bbe2"},"name":"","email":"","phone":"","id":"C2A1mK","createdAt":{"$date":"2019-03-25T06:34:27.186Z"},"updatedAt":{"$date":"2019-03-25T06:34:27.186Z"},"__v":0}
{"_id":{"$oid":"5c98a7b4f259db000419f2a0"},"name":"Akshat Jain","email":"gfdsafa@dsfwef.wer","phone":"9458113640","id":"WRWE8J","createdAt":{"$date":"2019-03-25T10:04:36.018Z"},"updatedAt":{"$date":"2019-03-25T10:04:36.018Z"},"__v":0}
{"_id":{"$oid":"5c98bec51e05e20004f3952b"},"name":"Shubham","email":"rawat.shubham@yahoo.in","phone":"9811782073","id":"ZGsDlQ","createdAt":{"$date":"2019-03-25T11:43:01.371Z"},"updatedAt":{"$date":"2019-03-25T11:43:01.371Z"},"__v":0}
{"_id":{"$oid":"5c9911f771254e00045572d7"},"name":"Satya","email":"dassatya1995@gmail.com","phone":"9938331114","id":"aXepCf","createdAt":{"$date":"2019-03-25T17:37:59.694Z"},"updatedAt":{"$date":"2019-03-25T17:37:59.694Z"},"__v":0}
{"_id":{"$oid":"5c991c5f54afa9000446f717"},"name":"GURUDATT KUMAR","email":"gurudattkumar8757@gmail.com","phone":"8714410525","id":"XXAIoo","createdAt":{"$date":"2019-03-25T18:22:23.854Z"},"updatedAt":{"$date":"2019-03-25T18:22:23.854Z"},"__v":0}
{"_id":{"$oid":"5c999afbc007170004406eb5"},"name":"ghh","email":"fgh@gnaik.con","phone":"9876543210","id":"829WTU","createdAt":{"$date":"2019-03-26T03:22:35.287Z"},"updatedAt":{"$date":"2019-03-26T03:22:35.287Z"},"__v":0}
{"_id":{"$oid":"5c9b39ce3b5e5e00048ad301"},"name":"F h fg","email":"Dr if du ut@","phone":"8854444444","id":"pCMh1B","createdAt":{"$date":"2019-03-27T08:52:30.783Z"},"updatedAt":{"$date":"2019-03-27T08:52:30.783Z"},"__v":0}
{"_id":{"$oid":"5c9ec7aa10c755000419c29c"},"name":"Mohit Manuja","email":"manuja.mohit@gmail.com","phone":"+919911224691","id":"9fRt8f","createdAt":{"$date":"2019-03-30T01:34:34.438Z"},"updatedAt":{"$date":"2019-03-30T01:34:34.438Z"},"__v":0}
{"_id":{"$oid":"5c9f8f4c7dafca0004b44fb7"},"name":"Shubham","email":"hotshubham92@gmail.com","phone":"9015650144","id":"Ri4U8w","createdAt":{"$date":"2019-03-30T15:46:20.712Z"},"updatedAt":{"$date":"2019-03-30T15:46:20.712Z"},"__v":0}
{"_id":{"$oid":"5ca03d2878f5580004cd45d1"},"name":"fsac","email":"sankearma@gmail.com","phone":"335te38865ewdghugddssfgjuru","id":"5UPUjy","createdAt":{"$date":"2019-03-31T04:08:08.113Z"},"updatedAt":{"$date":"2019-03-31T04:08:08.113Z"},"__v":0}
{"_id":{"$oid":"5ca0e0c7512bc60004730df1"},"name":"Fghv","email":"Fchj","phone":"Ffg","id":"08KFbG","createdAt":{"$date":"2019-03-31T15:46:15.509Z"},"updatedAt":{"$date":"2019-03-31T15:46:15.509Z"},"__v":0}
