{"_id":{"$oid":"5ca1377f163cb00004ed945a"},"message":"Great guy, always the one with a subtle sense of creating humor.","id":"1554069375960","userid":"31","datetime":"1-April-2019 3:26 am","createdAt":{"$date":"2019-03-31T21:56:15.969Z"},"updatedAt":{"$date":"2019-03-31T21:56:15.969Z"},"__v":0}
{"_id":{"$oid":"5ca13c71ec5be2000459c94e"},"message":"Innocent and well behaved guy. Had a blast completing graduation with him!","id":"1554070641466","userid":"48","datetime":"1-April-2019 3:47 am","createdAt":{"$date":"2019-03-31T22:17:21.477Z"},"updatedAt":{"$date":"2019-03-31T22:17:21.477Z"},"__v":0}
{"_id":{"$oid":"5ca13cddec5be2000459c94f"},"message":"The guy with the coolest mind.\r\nNothing dominates him, always the guy with an alternative solution.","id":"1554070749386","userid":"34","datetime":"1-April-2019 3:49 am","createdAt":{"$date":"2019-03-31T22:19:09.388Z"},"updatedAt":{"$date":"2019-03-31T22:19:09.388Z"},"__v":0}
{"_id":{"$oid":"5ca13d3bc8bcc7000474d4fe"},"message":"Coolest kid and a jolly fellow.\r\nYou can never be bored when you are with this guy!","id":"1554070843517","userid":"42","datetime":"1-April-2019 3:50 am","createdAt":{"$date":"2019-03-31T22:20:43.532Z"},"updatedAt":{"$date":"2019-03-31T22:20:43.532Z"},"__v":0}
{"_id":{"$oid":"5ca145f0f87fe400042fe012"},"message":"Good natured, well behaved and has an iPhone.\r\n","id":"1554073072348","userid":"58","datetime":"1-April-2019 4:27 am","createdAt":{"$date":"2019-03-31T22:57:52.349Z"},"updatedAt":{"$date":"2019-03-31T22:57:52.349Z"},"__v":0}
{"_id":{"$oid":"5ca14641f87fe400042fe013"},"message":"Calling him a coder is underestimating. Don't ever mess with this guy, your PC might blow next!","id":"1554073153574","userid":"36","datetime":"1-April-2019 4:29 am","createdAt":{"$date":"2019-03-31T22:59:13.580Z"},"updatedAt":{"$date":"2019-03-31T22:59:13.580Z"},"__v":0}
{"_id":{"$oid":"5ca18460d31ed6000482a76b"},"message":"Great dancer!","id":"1554089056506","userid":"68","datetime":"1-April-2019 8:54 am","createdAt":{"$date":"2019-04-01T03:24:16.509Z"},"updatedAt":{"$date":"2019-04-01T03:24:16.509Z"},"__v":0}
{"_id":{"$oid":"5ca18b82d31ed6000482a76e"},"message":"Mastt bandey hain !","id":"1554090882441","userid":"69","datetime":"1-April-2019 9:24 am","createdAt":{"$date":"2019-04-01T03:54:42.441Z"},"updatedAt":{"$date":"2019-04-01T03:54:42.441Z"},"__v":0}
{"_id":{"$oid":"5ca18d24d31ed6000482a770"},"message":"Tere bina B.tech nahi ho paati bhai. Best CR of our class !","id":"1554091300278","userid":"41","datetime":"1-April-2019 9:31 am","createdAt":{"$date":"2019-04-01T04:01:40.278Z"},"updatedAt":{"$date":"2019-04-01T04:01:40.278Z"},"__v":0}
{"_id":{"$oid":"5ca194d0649a74000431e306"},"message":"Hi Tanisha, \r\nWell behaved girl.\r\n\r\nHas an iPhone, still down to earth. So contradictory!","id":"1554093264174","userid":"58","datetime":"1-April-2019 10:04 am","createdAt":{"$date":"2019-04-01T04:34:24.183Z"},"updatedAt":{"$date":"2019-04-01T04:34:24.183Z"},"__v":0}
{"_id":{"$oid":"5ca195df879a030004bba627"},"message":"He is a sweet and a fragile man. Over committed to his work and professors favourite, \r\nThanks Adil for being supportive and humble towards me. Only a few students cared about me and you are one of them. Thanks ❤️","id":"1554093535905","userid":"43","datetime":"1-April-2019 10:08 am","createdAt":{"$date":"2019-04-01T04:38:55.911Z"},"updatedAt":{"$date":"2019-04-01T04:38:55.911Z"},"__v":0}
{"_id":{"$oid":"5ca19987d60d070004b4e128"},"message":"She is a sweet and a fragile girl. Over innocent sabki favourite. Love her name: Kuku","id":"1554094471026","userid":"90","datetime":"1-April-2019 10:24 am","createdAt":{"$date":"2019-04-01T04:54:31.028Z"},"updatedAt":{"$date":"2019-04-01T04:54:31.028Z"},"__v":0}
{"_id":{"$oid":"5ca19a74083487000417bd4a"},"message":"You are doing what you love. Knowingly unknowingly you are inspiring people around you. Love mate.","id":"1554094708253","userid":"41","datetime":"1-April-2019 10:28 am","createdAt":{"$date":"2019-04-01T04:58:28.261Z"},"updatedAt":{"$date":"2019-04-01T04:58:28.261Z"},"__v":0}
{"_id":{"$oid":"5ca19b9a7074e100040baffa"},"message":"The best","id":"1554095002112","userid":"23","datetime":"1-April-2019 10:33 am","createdAt":{"$date":"2019-04-01T05:03:22.122Z"},"updatedAt":{"$date":"2019-04-01T05:03:22.122Z"},"__v":0}
{"_id":{"$oid":"5ca19bbd7074e100040baffb"},"message":"Pro player","id":"1554095037317","userid":"34","datetime":"1-April-2019 10:33 am","createdAt":{"$date":"2019-04-01T05:03:57.318Z"},"updatedAt":{"$date":"2019-04-01T05:03:57.318Z"},"__v":0}
{"_id":{"$oid":"5ca19bd87074e100040baffc"},"message":"The pianist","id":"1554095064724","userid":"35","datetime":"1-April-2019 10:34 am","createdAt":{"$date":"2019-04-01T05:04:24.725Z"},"updatedAt":{"$date":"2019-04-01T05:04:24.725Z"},"__v":0}
{"_id":{"$oid":"5ca19c44d4361000045aa07d"},"message":"Abe kaha yar?😂😂","id":"1554095172466","userid":"36","datetime":"1-April-2019 10:36 am","createdAt":{"$date":"2019-04-01T05:06:12.468Z"},"updatedAt":{"$date":"2019-04-01T05:06:12.468Z"},"__v":0}
{"_id":{"$oid":"5ca19c76d4361000045aa07e"},"message":"Irritating","id":"1554095222643","userid":"17","datetime":"1-April-2019 10:37 am","createdAt":{"$date":"2019-04-01T05:07:02.643Z"},"updatedAt":{"$date":"2019-04-01T05:07:02.643Z"},"__v":0}
{"_id":{"$oid":"5ca19d24d4361000045aa080"},"message":"Messi messi messi😂😂","id":"1554095396230","userid":"22","datetime":"1-April-2019 10:39 am","createdAt":{"$date":"2019-04-01T05:09:56.231Z"},"updatedAt":{"$date":"2019-04-01T05:09:56.231Z"},"__v":0}
{"_id":{"$oid":"5ca19d3bd4361000045aa081"},"message":"Perfectionist","id":"1554095419997","userid":"24","datetime":"1-April-2019 10:40 am","createdAt":{"$date":"2019-04-01T05:10:19.999Z"},"updatedAt":{"$date":"2019-04-01T05:10:19.999Z"},"__v":0}
{"_id":{"$oid":"5ca19d4dd4361000045aa082"},"message":"Struggler, hustler","id":"1554095437109","userid":"32","datetime":"1-April-2019 10:40 am","createdAt":{"$date":"2019-04-01T05:10:37.110Z"},"updatedAt":{"$date":"2019-04-01T05:10:37.110Z"},"__v":0}
{"_id":{"$oid":"5ca19d63d4361000045aa083"},"message":"Netflix suggestions, eh?","id":"1554095459866","userid":"41","datetime":"1-April-2019 10:40 am","createdAt":{"$date":"2019-04-01T05:10:59.866Z"},"updatedAt":{"$date":"2019-04-01T05:10:59.866Z"},"__v":0}
{"_id":{"$oid":"5ca19d7cd4361000045aa084"},"message":"Bhai bhai😂","id":"1554095484944","userid":"16","datetime":"1-April-2019 10:41 am","createdAt":{"$date":"2019-04-01T05:11:24.945Z"},"updatedAt":{"$date":"2019-04-01T05:11:24.945Z"},"__v":0}
{"_id":{"$oid":"5ca19d93d4361000045aa085"},"message":"Dealer","id":"1554095507578","userid":"17","datetime":"1-April-2019 10:41 am","createdAt":{"$date":"2019-04-01T05:11:47.578Z"},"updatedAt":{"$date":"2019-04-01T05:11:47.578Z"},"__v":0}
{"_id":{"$oid":"5ca19da4d4361000045aa086"},"message":"Kid behind beard","id":"1554095524449","userid":"45","datetime":"1-April-2019 10:42 am","createdAt":{"$date":"2019-04-01T05:12:04.449Z"},"updatedAt":{"$date":"2019-04-01T05:12:04.449Z"},"__v":0}
{"_id":{"$oid":"5ca19df4d4361000045aa088"},"message":"North east ki ldkia 😂😍","id":"1554095604438","userid":"25","datetime":"1-April-2019 10:43 am","createdAt":{"$date":"2019-04-01T05:13:24.439Z"},"updatedAt":{"$date":"2019-04-01T05:13:24.439Z"},"__v":0}
{"_id":{"$oid":"5ca19e49d4361000045aa089"},"message":"Awesome Guy, So many childhood memories! Love what you're passionate about. Keep it up, sky is the limit for you","id":"1554095689687","userid":"93","datetime":"1-April-2019 10:44 am","createdAt":{"$date":"2019-04-01T05:14:49.688Z"},"updatedAt":{"$date":"2019-04-01T05:14:49.688Z"},"__v":0}
{"_id":{"$oid":"5ca19ef5d4361000045aa08a"},"message":"Has a nice roof in his house 😂","id":"1554095861037","userid":"30","datetime":"1-April-2019 10:47 am","createdAt":{"$date":"2019-04-01T05:17:41.038Z"},"updatedAt":{"$date":"2019-04-01T05:17:41.038Z"},"__v":0}
{"_id":{"$oid":"5ca19efad4361000045aa08b"},"message":"Huh","id":"1554095866802","userid":"58","datetime":"1-April-2019 10:47 am","createdAt":{"$date":"2019-04-01T05:17:46.803Z"},"updatedAt":{"$date":"2019-04-01T05:17:46.803Z"},"__v":0}
{"_id":{"$oid":"5ca1a03fd4361000045aa08e"},"message":"job, padhai, guitar, gym . tham ja bhai, bandi wandi pata ab😂😂","id":"1554096191386","userid":"36","datetime":"1-April-2019 10:53 am","createdAt":{"$date":"2019-04-01T05:23:11.387Z"},"updatedAt":{"$date":"2019-04-01T05:23:11.387Z"},"__v":0}
{"_id":{"$oid":"5ca1a227d4361000045aa08f"},"message":"Boring","id":"1554096679484","userid":"13","datetime":"1-April-2019 11:01 am","createdAt":{"$date":"2019-04-01T05:31:19.485Z"},"updatedAt":{"$date":"2019-04-01T05:31:19.485Z"},"__v":0}
{"_id":{"$oid":"5ca1a29bd4361000045aa090"},"message":"This is nice guy.","id":"1554096795508","userid":"73","datetime":"1-April-2019 11:03 am","createdAt":{"$date":"2019-04-01T05:33:15.509Z"},"updatedAt":{"$date":"2019-04-01T05:33:15.509Z"},"__v":0}
{"_id":{"$oid":"5ca1a72ad4361000045aa091"},"message":"The coolest person 😇😇","id":"1554097962830","userid":"16","datetime":"1-April-2019 11:22 am","createdAt":{"$date":"2019-04-01T05:52:42.831Z"},"updatedAt":{"$date":"2019-04-01T05:52:42.831Z"},"__v":0}
{"_id":{"$oid":"5ca1a880d4361000045aa092"},"message":"50 ka stuff available h? 😆","id":"1554098304004","userid":"17","datetime":"1-April-2019 11:28 am","createdAt":{"$date":"2019-04-01T05:58:24.005Z"},"updatedAt":{"$date":"2019-04-01T05:58:24.005Z"},"__v":0}
{"_id":{"$oid":"5ca1b56cd4361000045aa093"},"message":"Hii","id":"1554101612853","userid":"61","datetime":"1-April-2019 12:23 pm","createdAt":{"$date":"2019-04-01T06:53:32.854Z"},"updatedAt":{"$date":"2019-04-01T06:53:32.854Z"},"__v":0}
{"_id":{"$oid":"5ca1b9ebd4361000045aa094"},"message":"Invisible 👩","id":"1554102763788","userid":"43","datetime":"1-April-2019 12:42 pm","createdAt":{"$date":"2019-04-01T07:12:43.789Z"},"updatedAt":{"$date":"2019-04-01T07:12:43.789Z"},"__v":0}
{"_id":{"$oid":"5ca1bbe4d4361000045aa095"},"message":"#instagramCoder 😏😂😂","id":"1554103268759","userid":"45","datetime":"1-April-2019 12:51 pm","createdAt":{"$date":"2019-04-01T07:21:08.760Z"},"updatedAt":{"$date":"2019-04-01T07:21:08.760Z"},"__v":0}
{"_id":{"$oid":"5ca1c48ad4361000045aa099"},"message":"College friends are also friends. Unke sath bhi thoda open up hojaya karo. Don't be so introvert. Good nature though","id":"1554105482908","userid":"61","datetime":"1-April-2019 1:28 pm","createdAt":{"$date":"2019-04-01T07:58:02.908Z"},"updatedAt":{"$date":"2019-04-01T07:58:02.908Z"},"__v":0}
{"_id":{"$oid":"5ca1c4dad4361000045aa09a"},"message":"People make mistakes. Don't rub it on their faces.","id":"1554105562619","userid":"35","datetime":"1-April-2019 1:29 pm","createdAt":{"$date":"2019-04-01T07:59:22.620Z"},"updatedAt":{"$date":"2019-04-01T07:59:22.620Z"},"__v":0}
{"_id":{"$oid":"5ca1c501d4361000045aa09b"},"message":"Ahem ahem!","id":"1554105601336","userid":"58","datetime":"1-April-2019 1:30 pm","createdAt":{"$date":"2019-04-01T08:00:01.336Z"},"updatedAt":{"$date":"2019-04-01T08:00:01.336Z"},"__v":0}
{"_id":{"$oid":"5ca1c554d4361000045aa09c"},"message":"Memelord. Notice me Senpai!! Grandayy, Dolan dark, FlyingKitty and next is KashKash","id":"1554105684477","userid":"18","datetime":"1-April-2019 1:31 pm","createdAt":{"$date":"2019-04-01T08:01:24.478Z"},"updatedAt":{"$date":"2019-04-01T08:01:24.478Z"},"__v":0}
{"_id":{"$oid":"5ca1c64ad4361000045aa09d"},"message":"Multi talented launda!! Mu par control nahi hai bas. Baaki sab sahi hai","id":"1554105930778","userid":"30","datetime":"1-April-2019 1:35 pm","createdAt":{"$date":"2019-04-01T08:05:30.778Z"},"updatedAt":{"$date":"2019-04-01T08:05:30.778Z"},"__v":0}
{"_id":{"$oid":"5ca1c6a1d4361000045aa09e"},"message":"Try to spend time with the group. We ain't bad peeps. You were the charm of our group. \r\nMost mature and sensible girl I have ever met in my life","id":"1554106017790","userid":"15","datetime":"1-April-2019 1:36 pm","createdAt":{"$date":"2019-04-01T08:06:57.791Z"},"updatedAt":{"$date":"2019-04-01T08:06:57.791Z"},"__v":0}
{"_id":{"$oid":"5ca1c709d4361000045aa09f"},"message":"Apni company mei job dedio. Thanks","id":"1554106121209","userid":"36","datetime":"1-April-2019 1:38 pm","createdAt":{"$date":"2019-04-01T08:08:41.210Z"},"updatedAt":{"$date":"2019-04-01T08:08:41.210Z"},"__v":0}
{"_id":{"$oid":"5ca1c72fd4361000045aa0a0"},"message":"CR bro!! How do you stay that calm always? Teach me!!!","id":"1554106159719","userid":"41","datetime":"1-April-2019 1:39 pm","createdAt":{"$date":"2019-04-01T08:09:19.720Z"},"updatedAt":{"$date":"2019-04-01T08:09:19.720Z"},"__v":0}
{"_id":{"$oid":"5ca1c76cd4361000045aa0a1"},"message":"I think we could have been better friends. ","id":"1554106220954","userid":"47","datetime":"1-April-2019 1:40 pm","createdAt":{"$date":"2019-04-01T08:10:20.954Z"},"updatedAt":{"$date":"2019-04-01T08:10:20.954Z"},"__v":0}
{"_id":{"$oid":"5ca1c83ed4361000045aa0a2"},"message":"We are going great bud!\r\nLet's grab our shares from this world!","id":"1554106430433","userid":"96","datetime":"1-April-2019 1:43 pm","createdAt":{"$date":"2019-04-01T08:13:50.434Z"},"updatedAt":{"$date":"2019-04-01T08:13:50.434Z"},"__v":0}
{"_id":{"$oid":"5ca1ef57f806ee00048d78c3"},"message":"maybe introvert, a functional mute . just wanted to say not everyone from clg was as bad a person as u think 😄","id":"1554116439115","userid":"36","datetime":"1-April-2019 4:30 pm","createdAt":{"$date":"2019-04-01T11:00:39.134Z"},"updatedAt":{"$date":"2019-04-01T11:00:39.134Z"},"__v":0}
{"_id":{"$oid":"5ca1f0c6f806ee00048d78c4"},"message":"can always crack a joke , bunkmaster 😛😛","id":"1554116806137","userid":"16","datetime":"1-April-2019 4:36 pm","createdAt":{"$date":"2019-04-01T11:06:46.138Z"},"updatedAt":{"$date":"2019-04-01T11:06:46.138Z"},"__v":0}
{"_id":{"$oid":"5ca1f0d8f806ee00048d78c5"},"message":"one of the best people at clg , thanks for being - The CR 😊","id":"1554116824642","userid":"41","datetime":"1-April-2019 4:37 pm","createdAt":{"$date":"2019-04-01T11:07:04.644Z"},"updatedAt":{"$date":"2019-04-01T11:07:04.644Z"},"__v":0}
{"_id":{"$oid":"5ca1ffa3f806ee00048d78c6"},"message":"Itna soch kyu rha hai? Post kar na . Anonymous hai","id":"1554120611828","userid":"45","datetime":"1-April-2019 5:40 pm","createdAt":{"$date":"2019-04-01T12:10:11.829Z"},"updatedAt":{"$date":"2019-04-01T12:10:11.829Z"},"__v":0}
{"_id":{"$oid":"5ca20048f806ee00048d78c7"},"message":"Monishaaaa!!!!! Don't be so sad. Everything will be alright!!","id":"1554120776129","userid":"28","datetime":"1-April-2019 5:42 pm","createdAt":{"$date":"2019-04-01T12:12:56.130Z"},"updatedAt":{"$date":"2019-04-01T12:12:56.130Z"},"__v":0}
{"_id":{"$oid":"5ca20076f806ee00048d78c8"},"message":"Says only one is goat","id":"1554120822976","userid":"22","datetime":"1-April-2019 5:43 pm","createdAt":{"$date":"2019-04-01T12:13:42.977Z"},"updatedAt":{"$date":"2019-04-01T12:13:42.977Z"},"__v":0}
{"_id":{"$oid":"5ca2010cf806ee00048d78c9"},"message":"You have anymore of those..uh..slots?","id":"1554120972069","userid":"17","datetime":"1-April-2019 5:46 pm","createdAt":{"$date":"2019-04-01T12:16:12.070Z"},"updatedAt":{"$date":"2019-04-01T12:16:12.070Z"},"__v":0}
{"_id":{"$oid":"5ca218adf806ee00048d78cb"},"message":"Rajni yaar misssing uuuuuuu love you","id":"1554127021046","userid":"61","datetime":"1-April-2019 7:27 pm","createdAt":{"$date":"2019-04-01T13:57:01.047Z"},"updatedAt":{"$date":"2019-04-01T13:57:01.047Z"},"__v":0}
{"_id":{"$oid":"5ca21b3cf806ee00048d78cc"},"message":"Heyy....girl\r\nWith cute smile.\r\nU r so real person","id":"1554127676284","userid":"29","datetime":"1-April-2019 7:37 pm","createdAt":{"$date":"2019-04-01T14:07:56.285Z"},"updatedAt":{"$date":"2019-04-01T14:07:56.285Z"},"__v":0}
{"_id":{"$oid":"5ca21bfdf806ee00048d78cd"},"message":"Gajab ka banda he ye shukla","id":"1554127869326","userid":"72","datetime":"1-April-2019 7:41 pm","createdAt":{"$date":"2019-04-01T14:11:09.327Z"},"updatedAt":{"$date":"2019-04-01T14:11:09.327Z"},"__v":0}
{"_id":{"$oid":"5ca21f06f806ee00048d78ce"},"message":"You live in a different world!!","id":"1554128646086","userid":"14","datetime":"1-April-2019 7:54 pm","createdAt":{"$date":"2019-04-01T14:24:06.087Z"},"updatedAt":{"$date":"2019-04-01T14:24:06.087Z"},"__v":0}
{"_id":{"$oid":"5ca221a2f806ee00048d78cf"},"message":"Always been a great company! We share a great bond of and I cherish the moments of our friendship. Let's just hope you\"ll be in touch for the coming years in my life. Without ups and downs, there is no thrill but you should always share things with the ones you rely upon.\r\nWell people might tag you introvert but atleast you are open to the ones you care. All the best for future endeavours !","id":"1554129314195","userid":"61","datetime":"1-April-2019 8:05 pm","createdAt":{"$date":"2019-04-01T14:35:14.196Z"},"updatedAt":{"$date":"2019-04-01T14:35:14.196Z"},"__v":0}
{"_id":{"$oid":"5ca22318f806ee00048d78d0"},"message":"Tera boht hogya saale,\r\nAgle janam mei agar college saath raha toh tere ghar ke saath hi PG lelunga, aur roz ghasitunga lectures ke liye","id":"1554129688846","userid":"50","datetime":"1-April-2019 8:11 pm","createdAt":{"$date":"2019-04-01T14:41:28.847Z"},"updatedAt":{"$date":"2019-04-01T14:41:28.847Z"},"__v":0}
{"_id":{"$oid":"5ca22596f806ee00048d78d1"},"message":"The silent killer.","id":"1554130326646","userid":"13","datetime":"1-April-2019 8:22 pm","createdAt":{"$date":"2019-04-01T14:52:06.648Z"},"updatedAt":{"$date":"2019-04-01T14:52:06.648Z"},"__v":0}
{"_id":{"$oid":"5ca22625f806ee00048d78d2"},"message":"Bob mar-ley","id":"1554130469895","userid":"20","datetime":"1-April-2019 8:24 pm","createdAt":{"$date":"2019-04-01T14:54:29.896Z"},"updatedAt":{"$date":"2019-04-01T14:54:29.896Z"},"__v":0}
{"_id":{"$oid":"5ca22685f806ee00048d78d3"},"message":"Jitna lamba naam utne chote kaam.","id":"1554130565220","userid":"21","datetime":"1-April-2019 8:26 pm","createdAt":{"$date":"2019-04-01T14:56:05.221Z"},"updatedAt":{"$date":"2019-04-01T14:56:05.221Z"},"__v":0}
{"_id":{"$oid":"5ca226b8f806ee00048d78d4"},"message":"Ek hi to h jo dusro ki khusi mein khus hota h apni class mein.","id":"1554130616025","userid":"26","datetime":"1-April-2019 8:26 pm","createdAt":{"$date":"2019-04-01T14:56:56.026Z"},"updatedAt":{"$date":"2019-04-01T14:56:56.026Z"},"__v":0}
{"_id":{"$oid":"5ca22789f806ee00048d78d5"},"message":"If previous one is x, i agree with x.","id":"1554130825135","userid":"28","datetime":"1-April-2019 8:30 pm","createdAt":{"$date":"2019-04-01T15:00:25.136Z"},"updatedAt":{"$date":"2019-04-01T15:00:25.136Z"},"__v":0}
{"_id":{"$oid":"5ca22799f806ee00048d78d6"},"message":"I agree with y who agrees with x.","id":"1554130841140","userid":"28","datetime":"1-April-2019 8:30 pm","createdAt":{"$date":"2019-04-01T15:00:41.141Z"},"updatedAt":{"$date":"2019-04-01T15:00:41.141Z"},"__v":0}
{"_id":{"$oid":"5ca227e0f806ee00048d78d7"},"message":"Han bahut ho gya tera","id":"1554130912971","userid":"50","datetime":"1-April-2019 8:31 pm","createdAt":{"$date":"2019-04-01T15:01:52.972Z"},"updatedAt":{"$date":"2019-04-01T15:01:52.972Z"},"__v":0}
{"_id":{"$oid":"5ca22808f806ee00048d78d8"},"message":"Kids these days","id":"1554130952452","userid":"30","datetime":"1-April-2019 8:32 pm","createdAt":{"$date":"2019-04-01T15:02:32.452Z"},"updatedAt":{"$date":"2019-04-01T15:02:32.452Z"},"__v":0}
{"_id":{"$oid":"5ca22828f806ee00048d78d9"},"message":"Mast maula 👏","id":"1554130984887","userid":"31","datetime":"1-April-2019 8:33 pm","createdAt":{"$date":"2019-04-01T15:03:04.887Z"},"updatedAt":{"$date":"2019-04-01T15:03:04.887Z"},"__v":0}
{"_id":{"$oid":"5ca22865f806ee00048d78da"},"message":"Adhe time hi dimag kyu chalta h 😂😂","id":"1554131045355","userid":"44","datetime":"1-April-2019 8:34 pm","createdAt":{"$date":"2019-04-01T15:04:05.356Z"},"updatedAt":{"$date":"2019-04-01T15:04:05.356Z"},"__v":0}
{"_id":{"$oid":"5ca22875f806ee00048d78db"},"message":"Gym boi","id":"1554131061528","userid":"33","datetime":"1-April-2019 8:34 pm","createdAt":{"$date":"2019-04-01T15:04:21.529Z"},"updatedAt":{"$date":"2019-04-01T15:04:21.529Z"},"__v":0}
{"_id":{"$oid":"5ca2289af806ee00048d78dc"},"message":"Opportunist","id":"1554131098511","userid":"43","datetime":"1-April-2019 8:34 pm","createdAt":{"$date":"2019-04-01T15:04:58.512Z"},"updatedAt":{"$date":"2019-04-01T15:04:58.512Z"},"__v":0}
{"_id":{"$oid":"5ca228e6f806ee00048d78dd"},"message":"Aligarh ka ldka","id":"1554131174702","userid":"57","datetime":"1-April-2019 8:36 pm","createdAt":{"$date":"2019-04-01T15:06:14.702Z"},"updatedAt":{"$date":"2019-04-01T15:06:14.702Z"},"__v":0}
{"_id":{"$oid":"5ca2292af806ee00048d78de"},"message":"Pitampura","id":"1554131242878","userid":"38","datetime":"1-April-2019 8:37 pm","createdAt":{"$date":"2019-04-01T15:07:22.879Z"},"updatedAt":{"$date":"2019-04-01T15:07:22.879Z"},"__v":0}
{"_id":{"$oid":"5ca22939f806ee00048d78df"},"message":"Bisht please","id":"1554131257676","userid":"58","datetime":"1-April-2019 8:37 pm","createdAt":{"$date":"2019-04-01T15:07:37.677Z"},"updatedAt":{"$date":"2019-04-01T15:07:37.677Z"},"__v":0}
{"_id":{"$oid":"5ca22959f806ee00048d78e0"},"message":"Gyan bantta rehta h","id":"1554131289699","userid":"39","datetime":"1-April-2019 8:38 pm","createdAt":{"$date":"2019-04-01T15:08:09.700Z"},"updatedAt":{"$date":"2019-04-01T15:08:09.700Z"},"__v":0}
{"_id":{"$oid":"5ca2298cf806ee00048d78e1"},"message":"Thodi der to sun lete h iski fir deep chala jata h ye","id":"1554131340414","userid":"42","datetime":"1-April-2019 8:39 pm","createdAt":{"$date":"2019-04-01T15:09:00.414Z"},"updatedAt":{"$date":"2019-04-01T15:09:00.414Z"},"__v":0}
{"_id":{"$oid":"5ca229abf806ee00048d78e2"},"message":"La joya 💎","id":"1554131371549","userid":"49","datetime":"1-April-2019 8:39 pm","createdAt":{"$date":"2019-04-01T15:09:31.551Z"},"updatedAt":{"$date":"2019-04-01T15:09:31.551Z"},"__v":0}
{"_id":{"$oid":"5ca229c7f806ee00048d78e3"},"message":"La joya 💎","id":"1554131399279","userid":"28","datetime":"1-April-2019 8:39 pm","createdAt":{"$date":"2019-04-01T15:09:59.280Z"},"updatedAt":{"$date":"2019-04-01T15:09:59.280Z"},"__v":0}
{"_id":{"$oid":"5ca22a7df806ee00048d78e4"},"message":"My secret crush \r\n- Gulabo♥️","id":"1554131581621","userid":"30","datetime":"1-April-2019 8:43 pm","createdAt":{"$date":"2019-04-01T15:13:01.622Z"},"updatedAt":{"$date":"2019-04-01T15:13:01.622Z"},"__v":0}
{"_id":{"$oid":"5ca22bcdf806ee00048d78e5"},"message":"Toughest girl I met @ college. A graceful dancer with a bold personality. You can actually play a role in hollywood web series, I'd love to see if it happens sometimes.\r\n\r\nYou\"ll do great in your life, there is no doubt in it. Keep smiling, keep exploring !","id":"1554131917912","userid":"15","datetime":"1-April-2019 8:48 pm","createdAt":{"$date":"2019-04-01T15:18:37.912Z"},"updatedAt":{"$date":"2019-04-01T15:18:37.912Z"},"__v":0}
{"_id":{"$oid":"5ca22dadf806ee00048d78e7"},"message":"I can relate to people who have an orientation for #giglife. You are a great musician and your band's composition \"Main Chala\" is still in my top played songs. You have a very intellectual mind but more than that, I just love your way of handling things and exposing yourself to opportunities. May you end up getting famous for your passion. That way two things will happen, you\"ll escape corporate life and I can have the show tickets for free :p lol.\r\n\r\nBless you!","id":"1554132397842","userid":"35","datetime":"1-April-2019 8:56 pm","createdAt":{"$date":"2019-04-01T15:26:37.842Z"},"updatedAt":{"$date":"2019-04-01T15:26:37.842Z"},"__v":0}
{"_id":{"$oid":"5ca22f1af806ee00048d78e8"},"message":"Broooo!!! How you stay so calm. Mujhe b seekha","id":"1554132762216","userid":"16","datetime":"1-April-2019 9:02 pm","createdAt":{"$date":"2019-04-01T15:32:42.217Z"},"updatedAt":{"$date":"2019-04-01T15:32:42.217Z"},"__v":0}
{"_id":{"$oid":"5ca22f3ff806ee00048d78e9"},"message":"Bhaiiiiii !!!! U have made in this college journey fab ! Best friend 🤗🤗","id":"1554132799510","userid":"29","datetime":"1-April-2019 9:03 pm","createdAt":{"$date":"2019-04-01T15:33:19.511Z"},"updatedAt":{"$date":"2019-04-01T15:33:19.511Z"},"__v":0}
{"_id":{"$oid":"5ca22f84f806ee00048d78ea"},"message":"Ahem ahem 12 lacs xD","id":"1554132868319","userid":"98","datetime":"1-April-2019 9:04 pm","createdAt":{"$date":"2019-04-01T15:34:28.319Z"},"updatedAt":{"$date":"2019-04-01T15:34:28.319Z"},"__v":0}
{"_id":{"$oid":"5ca22fe1f806ee00048d78eb"},"message":"Aaye johny sins","id":"1554132961686","userid":"20","datetime":"1-April-2019 9:06 pm","createdAt":{"$date":"2019-04-01T15:36:01.689Z"},"updatedAt":{"$date":"2019-04-01T15:36:01.689Z"},"__v":0}
{"_id":{"$oid":"5ca22ffef806ee00048d78ec"},"message":"Neha, the first girl who made the same mistake of entering a Morning class on the very first day just after me and I realized \"Haan ekdum sahi jagah hai tu, teri tarah hi hain sab\"\r\nAnyways, thanks for being a great company when I was having a rough time. Your story was similar, but you are far better than my Ex. The secrets we shared will remain secrets even after college and I'm glad you didn't change your branch, even though ECE screwed all of us somehow. A few adjectives: childish, funny, sometimes tensed but a very happy girl.","id":"1554132990938","userid":"47","datetime":"1-April-2019 9:06 pm","createdAt":{"$date":"2019-04-01T15:36:30.938Z"},"updatedAt":{"$date":"2019-04-01T15:36:30.938Z"},"__v":0}
{"_id":{"$oid":"5ca2300bf806ee00048d78ed"},"message":"Podu boiiii. Kaafi mast bnda. Bs bndi pataa le. Ladkio ko itni hawas se mat dekha kar","id":"1554133003035","userid":"23","datetime":"1-April-2019 9:06 pm","createdAt":{"$date":"2019-04-01T15:36:43.036Z"},"updatedAt":{"$date":"2019-04-01T15:36:43.036Z"},"__v":0}
{"_id":{"$oid":"5ca2333378c2930004489e9b"},"message":"Bhola hai duniyadari se anjaan , jai mata ki :)","id":"1554133811990","userid":"33","datetime":"1-April-2019 9:20 pm","createdAt":{"$date":"2019-04-01T15:50:12.008Z"},"updatedAt":{"$date":"2019-04-01T15:50:12.008Z"},"__v":0}
{"_id":{"$oid":"5ca2349178c2930004489e9c"},"message":"Beer pio or mast raho","id":"1554134161143","userid":"62","datetime":"1-April-2019 9:26 pm","createdAt":{"$date":"2019-04-01T15:56:01.148Z"},"updatedAt":{"$date":"2019-04-01T15:56:01.148Z"},"__v":0}
{"_id":{"$oid":"5ca237912153e100040719a7"},"message":"sale robot , glt jgeh aa gya tu","id":"1554134929369","userid":"36","datetime":"1-April-2019 9:38 pm","createdAt":{"$date":"2019-04-01T16:08:49.377Z"},"updatedAt":{"$date":"2019-04-01T16:08:49.377Z"},"__v":0}
{"_id":{"$oid":"5ca239532153e100040719a8"},"message":"3 times a day keeps a doctor away","id":"1554135379562","userid":"16","datetime":"1-April-2019 9:46 pm","createdAt":{"$date":"2019-04-01T16:16:19.563Z"},"updatedAt":{"$date":"2019-04-01T16:16:19.563Z"},"__v":0}
{"_id":{"$oid":"5ca23aed2153e100040719a9"},"message":"Chawal kab laa rha hai? Sirf manisha ko khilayega kya?  bhaio ko bhul gya hai.","id":"1554135789035","userid":"24","datetime":"1-April-2019 9:53 pm","createdAt":{"$date":"2019-04-01T16:23:09.036Z"},"updatedAt":{"$date":"2019-04-01T16:23:09.036Z"},"__v":0}
{"_id":{"$oid":"5ca23b0e2153e100040719aa"},"message":"Life was easy before I met this guy","id":"1554135822134","userid":"36","datetime":"1-April-2019 9:53 pm","createdAt":{"$date":"2019-04-01T16:23:42.135Z"},"updatedAt":{"$date":"2019-04-01T16:23:42.135Z"},"__v":0}
{"_id":{"$oid":"5ca23b362153e100040719ab"},"message":"Hari gana gato mashite","id":"1554135862825","userid":"21","datetime":"1-April-2019 9:54 pm","createdAt":{"$date":"2019-04-01T16:24:22.826Z"},"updatedAt":{"$date":"2019-04-01T16:24:22.826Z"},"__v":0}
{"_id":{"$oid":"5ca23b682153e100040719ac"},"message":"To @Chawla wala banda,,, are bhai bhai bhai bhai🤣🤣🤣","id":"1554135912432","userid":"24","datetime":"1-April-2019 9:55 pm","createdAt":{"$date":"2019-04-01T16:25:12.433Z"},"updatedAt":{"$date":"2019-04-01T16:25:12.433Z"},"__v":0}
{"_id":{"$oid":"5ca23cc22153e100040719ad"},"message":"Sweetest girl,☺️☺️☺️ \r\nThanks for being supportive all the time","id":"1554136258151","userid":"14","datetime":"1-April-2019 10:00 pm","createdAt":{"$date":"2019-04-01T16:30:58.173Z"},"updatedAt":{"$date":"2019-04-01T16:30:58.173Z"},"__v":0}
{"_id":{"$oid":"5ca23cf02153e100040719ae"},"message":"Aur kya sirf usko hi fried rice khilayega","id":"1554136304298","userid":"24","datetime":"1-April-2019 10:01 pm","createdAt":{"$date":"2019-04-01T16:31:44.299Z"},"updatedAt":{"$date":"2019-04-01T16:31:44.299Z"},"__v":0}
{"_id":{"$oid":"5ca23e212153e100040719af"},"message":"U are a great listener and a really good frnd miss us","id":"1554136609160","userid":"29","datetime":"1-April-2019 10:06 pm","createdAt":{"$date":"2019-04-01T16:36:49.160Z"},"updatedAt":{"$date":"2019-04-01T16:36:49.160Z"},"__v":0}
{"_id":{"$oid":"5ca23f1c2153e100040719b0"},"message":"Just a confession, chindi kaushik n nai likha tha ed lab m😆😆","id":"1554136860011","userid":"52","datetime":"1-April-2019 10:11 pm","createdAt":{"$date":"2019-04-01T16:41:00.011Z"},"updatedAt":{"$date":"2019-04-01T16:41:00.011Z"},"__v":0}
{"_id":{"$oid":"5ca23fdd2153e100040719b2"},"message":"こんにちはこんにちは....ここに誰でも.","id":"1554137053462","userid":"21","datetime":"1-April-2019 10:14 pm","createdAt":{"$date":"2019-04-01T16:44:13.463Z"},"updatedAt":{"$date":"2019-04-01T16:44:13.463Z"},"__v":0}
{"_id":{"$oid":"5ca2413fea71010004f3215f"},"message":"U are a nice and sweet person.","id":"1554137407575","userid":"24","datetime":"1-April-2019 10:20 pm","createdAt":{"$date":"2019-04-01T16:50:07.582Z"},"updatedAt":{"$date":"2019-04-01T16:50:07.582Z"},"__v":0}
{"_id":{"$oid":"5ca24390ea71010004f32160"},"message":"U r our batman!! ","id":"1554138000122","userid":"41","datetime":"1-April-2019 10:30 pm","createdAt":{"$date":"2019-04-01T17:00:00.123Z"},"updatedAt":{"$date":"2019-04-01T17:00:00.123Z"},"__v":0}
{"_id":{"$oid":"5ca243a5ea71010004f32161"},"message":"U r our batman!! ","id":"1554138021477","userid":"41","datetime":"1-April-2019 10:30 pm","createdAt":{"$date":"2019-04-01T17:00:21.478Z"},"updatedAt":{"$date":"2019-04-01T17:00:21.478Z"},"__v":0}
{"_id":{"$oid":"5ca24a6cea71010004f32162"},"message":"Adorable person 😍 ","id":"1554139756121","userid":"14","datetime":"1-April-2019 10:59 pm","createdAt":{"$date":"2019-04-01T17:29:16.122Z"},"updatedAt":{"$date":"2019-04-01T17:29:16.122Z"},"__v":0}
{"_id":{"$oid":"5ca24affea71010004f32163"},"message":"Tu ek din bada aadmi banega 😎 \r\n","id":"1554139903317","userid":"26","datetime":"1-April-2019 11:01 pm","createdAt":{"$date":"2019-04-01T17:31:43.318Z"},"updatedAt":{"$date":"2019-04-01T17:31:43.318Z"},"__v":0}
{"_id":{"$oid":"5ca24b63ea71010004f32164"},"message":"Everyone cares for you, sweet girl. ","id":"1554140003638","userid":"28","datetime":"1-April-2019 11:03 pm","createdAt":{"$date":"2019-04-01T17:33:23.639Z"},"updatedAt":{"$date":"2019-04-01T17:33:23.639Z"},"__v":0}
{"_id":{"$oid":"5ca24ba2ea71010004f32165"},"message":"Chulbuli ho ap. ","id":"1554140066783","userid":"47","datetime":"1-April-2019 11:04 pm","createdAt":{"$date":"2019-04-01T17:34:26.785Z"},"updatedAt":{"$date":"2019-04-01T17:34:26.785Z"},"__v":0}
{"_id":{"$oid":"5ca24bddea71010004f32166"},"message":"Ttcc!!!!","id":"1554140125951","userid":"38","datetime":"1-April-2019 11:05 pm","createdAt":{"$date":"2019-04-01T17:35:25.952Z"},"updatedAt":{"$date":"2019-04-01T17:35:25.952Z"},"__v":0}
{"_id":{"$oid":"5ca24c43ea71010004f32167"},"message":"Bhaiiiiiiiiiii❤️\r\nTu bohoooot achi hai. \r\nCollege pahuchke call kardio 😋","id":"1554140227894","userid":"58","datetime":"1-April-2019 11:07 pm","createdAt":{"$date":"2019-04-01T17:37:07.896Z"},"updatedAt":{"$date":"2019-04-01T17:37:07.896Z"},"__v":0}
{"_id":{"$oid":"5ca24ca3ea71010004f32168"},"message":"Apni puri aish h jeb mein rakha cash h","id":"1554140323474","userid":"53","datetime":"1-April-2019 11:08 pm","createdAt":{"$date":"2019-04-01T17:38:43.475Z"},"updatedAt":{"$date":"2019-04-01T17:38:43.475Z"},"__v":0}
{"_id":{"$oid":"5ca24f74ea71010004f32169"},"message":"Zindagi to bas jhilmil me hi rahegi!!","id":"1554141044350","userid":"16","datetime":"1-April-2019 11:20 pm","createdAt":{"$date":"2019-04-01T17:50:44.351Z"},"updatedAt":{"$date":"2019-04-01T17:50:44.351Z"},"__v":0}
{"_id":{"$oid":"5ca24f8dea71010004f3216a"},"message":"Vipul","id":"1554141069353","userid":"16","datetime":"1-April-2019 11:21 pm","createdAt":{"$date":"2019-04-01T17:51:09.353Z"},"updatedAt":{"$date":"2019-04-01T17:51:09.353Z"},"__v":0}
{"_id":{"$oid":"5ca25009ea71010004f3216b"},"message":"Jalebi chowk ke raja h hum!!","id":"1554141193245","userid":"49","datetime":"1-April-2019 11:23 pm","createdAt":{"$date":"2019-04-01T17:53:13.245Z"},"updatedAt":{"$date":"2019-04-01T17:53:13.245Z"},"__v":0}
{"_id":{"$oid":"5ca2533dea71010004f3216c"},"message":"best thing about u,u help whoever asks without arrogance.I will always be grateful bro for saving my project at last moment. Dont mind people who see ur summit and not the steep climb. Stay humble, Age jayga bht tu coder ","id":"1554142013609","userid":"36","datetime":"1-April-2019 11:36 pm","createdAt":{"$date":"2019-04-01T18:06:53.609Z"},"updatedAt":{"$date":"2019-04-01T18:06:53.609Z"},"__v":0}
{"_id":{"$oid":"5ca257faea71010004f3216d"},"message":"Bahar se bhola, Ander se 😂😂","id":"1554143226589","userid":"13","datetime":"1-April-2019 11:57 pm","createdAt":{"$date":"2019-04-01T18:27:06.590Z"},"updatedAt":{"$date":"2019-04-01T18:27:06.590Z"},"__v":0}
{"_id":{"$oid":"5ca25836ea71010004f3216e"},"message":"U have always been a great help, stay blessed bro","id":"1554143286678","userid":"41","datetime":"1-April-2019 11:58 pm","createdAt":{"$date":"2019-04-01T18:28:06.679Z"},"updatedAt":{"$date":"2019-04-01T18:28:06.679Z"},"__v":0}
{"_id":{"$oid":"5ca258d0ea71010004f3216f"},"message":"Hey there, It's 7th ! ","id":"1554143440032","userid":"28","datetime":"2-April-2019 12:00 am","createdAt":{"$date":"2019-04-01T18:30:40.033Z"},"updatedAt":{"$date":"2019-04-01T18:30:40.033Z"},"__v":0}
{"_id":{"$oid":"5ca26440ea71010004f32170"},"message":"The guy with the best comebacks,\r\nThe only problem is that these are limited :p","id":"1554146368168","userid":"13","datetime":"2-April-2019 12:49 am","createdAt":{"$date":"2019-04-01T19:19:28.170Z"},"updatedAt":{"$date":"2019-04-01T19:19:28.170Z"},"__v":0}
{"_id":{"$oid":"5ca2648cea71010004f32171"},"message":"U shud try mixing with us more.","id":"1554146444843","userid":"61","datetime":"2-April-2019 12:50 am","createdAt":{"$date":"2019-04-01T19:20:44.844Z"},"updatedAt":{"$date":"2019-04-01T19:20:44.844Z"},"__v":0}
{"_id":{"$oid":"5ca26571ea71010004f32172"},"message":"Smart and systematic guy, always in good books of teachers. Very good at cracking jokes.\r\nAdil ko tang boht kiya h magr isne","id":"1554146673903","userid":"37","datetime":"2-April-2019 12:54 am","createdAt":{"$date":"2019-04-01T19:24:33.903Z"},"updatedAt":{"$date":"2019-04-01T19:24:33.903Z"},"__v":0}
{"_id":{"$oid":"5ca2657dea71010004f32173"},"message":"bhai ke six packs ayenge👶","id":"1554146685036","userid":"16","datetime":"2-April-2019 12:54 am","createdAt":{"$date":"2019-04-01T19:24:45.037Z"},"updatedAt":{"$date":"2019-04-01T19:24:45.037Z"},"__v":0}
{"_id":{"$oid":"5ca265c1ea71010004f32174"},"message":"korean or Japanese?","id":"1554146753129","userid":"21","datetime":"2-April-2019 12:55 am","createdAt":{"$date":"2019-04-01T19:25:53.129Z"},"updatedAt":{"$date":"2019-04-01T19:25:53.129Z"},"__v":0}
{"_id":{"$oid":"5ca265f3ea71010004f32175"},"message":"kb bda hoga tu ab to btech b khtm","id":"1554146803310","userid":"23","datetime":"2-April-2019 12:56 am","createdAt":{"$date":"2019-04-01T19:26:43.311Z"},"updatedAt":{"$date":"2019-04-01T19:26:43.311Z"},"__v":0}
{"_id":{"$oid":"5ca26736ea71010004f32176"},"message":"busy rhta h ajkl","id":"1554147126643","userid":"25","datetime":"2-April-2019 1:02 am","createdAt":{"$date":"2019-04-01T19:32:06.643Z"},"updatedAt":{"$date":"2019-04-01T19:32:06.643Z"},"__v":0}
{"_id":{"$oid":"5ca267acea71010004f32177"},"message":"Childhood friend.\r\n\r\nOnce a crush, now you've grown up. Things have changed, still a great friend\r\n","id":"1554147244453","userid":"97","datetime":"2-April-2019 1:04 am","createdAt":{"$date":"2019-04-01T19:34:04.453Z"},"updatedAt":{"$date":"2019-04-01T19:34:04.453Z"},"__v":0}
{"_id":{"$oid":"5ca267f9ea71010004f32178"},"message":"\r\nFingerprint nhi Touchid😂","id":"1554147321296","userid":"58","datetime":"2-April-2019 1:05 am","createdAt":{"$date":"2019-04-01T19:35:21.297Z"},"updatedAt":{"$date":"2019-04-01T19:35:21.297Z"},"__v":0}
{"_id":{"$oid":"5ca269b9ea71010004f3217a"},"message":"Diggi pencho😂🔥","id":"1554147769478","userid":"98","datetime":"2-April-2019 1:12 am","createdAt":{"$date":"2019-04-01T19:42:49.479Z"},"updatedAt":{"$date":"2019-04-01T19:42:49.479Z"},"__v":0}
{"_id":{"$oid":"5ca269d8ea71010004f3217b"},"message":"Dhanke memes bheja kr. Hasi nhi aati.","id":"1554147800126","userid":"18","datetime":"2-April-2019 1:13 am","createdAt":{"$date":"2019-04-01T19:43:20.127Z"},"updatedAt":{"$date":"2019-04-01T19:43:20.127Z"},"__v":0}
{"_id":{"$oid":"5ca269e3ea71010004f3217c"},"message":"Mehnat itni khamoshi se karo ki safalta shor macha dey.","id":"1554147811796","userid":"48","datetime":"2-April-2019 1:13 am","createdAt":{"$date":"2019-04-01T19:43:31.797Z"},"updatedAt":{"$date":"2019-04-01T19:43:31.797Z"},"__v":0}
{"_id":{"$oid":"5ca269f0ea71010004f3217d"},"message":"Chiggi 🔥","id":"1554147824127","userid":"17","datetime":"2-April-2019 1:13 am","createdAt":{"$date":"2019-04-01T19:43:44.128Z"},"updatedAt":{"$date":"2019-04-01T19:43:44.128Z"},"__v":0}
{"_id":{"$oid":"5ca26a14ea71010004f3217e"},"message":"Dukaan kaisi chl rhi hai?","id":"1554147860907","userid":"25","datetime":"2-April-2019 1:14 am","createdAt":{"$date":"2019-04-01T19:44:20.908Z"},"updatedAt":{"$date":"2019-04-01T19:44:20.908Z"},"__v":0}
{"_id":{"$oid":"5ca26a30ea71010004f3217f"},"message":"Chicken khilaa de yaar","id":"1554147888190","userid":"30","datetime":"2-April-2019 1:14 am","createdAt":{"$date":"2019-04-01T19:44:48.190Z"},"updatedAt":{"$date":"2019-04-01T19:44:48.190Z"},"__v":0}
{"_id":{"$oid":"5ca26c55ea71010004f32180"},"message":"Kaafi pareshaan Kiya hai 3 saal toh. Ab sudhar gya hai! xD","id":"1554148437959","userid":"16","datetime":"2-April-2019 1:23 am","createdAt":{"$date":"2019-04-01T19:53:57.960Z"},"updatedAt":{"$date":"2019-04-01T19:53:57.960Z"},"__v":0}
{"_id":{"$oid":"5ca2c83eeba9ec00042b4aff"},"message":"Such a nice guy , in my school time he really help in my studies, sometimes he is funny,I had never meet such that of guy in my life. I really respect you.","id":"1554171966512","userid":"41","datetime":"2-April-2019 7:56 am","createdAt":{"$date":"2019-04-02T02:26:06.540Z"},"updatedAt":{"$date":"2019-04-02T02:26:06.540Z"},"__v":0}
{"_id":{"$oid":"5ca2f41ceba9ec00042b4b00"},"message":"Hi Chirag,\r\nOops sorry, tu toh uska photocopy hai. Hi Chakshu","id":"1554183196822","userid":"17","datetime":"2-April-2019 11:03 am","createdAt":{"$date":"2019-04-02T05:33:16.823Z"},"updatedAt":{"$date":"2019-04-02T05:33:16.823Z"},"__v":0}
{"_id":{"$oid":"5ca30a47eba9ec00042b4b01"},"message":"Aaj da ranjha peenda ganja,\r\nMarda sutte te smack","id":"1554188871280","userid":"56","datetime":"2-April-2019 12:37 pm","createdAt":{"$date":"2019-04-02T07:07:51.280Z"},"updatedAt":{"$date":"2019-04-02T07:07:51.280Z"},"__v":0}
{"_id":{"$oid":"5ca318c0eba9ec00042b4b02"},"message":"Ggmu","id":"1554192576316","userid":"46","datetime":"2-April-2019 1:39 pm","createdAt":{"$date":"2019-04-02T08:09:36.317Z"},"updatedAt":{"$date":"2019-04-02T08:09:36.317Z"},"__v":0}
{"_id":{"$oid":"5ca3261ed0f52900042bbca1"},"message":"Main chahta hun, teri aur Vaibhav ki ladai ho jaaye. 4 saal mei decide nahi kar paaya main ki kon jeetega?\r\nPuri kardo yeh wish","id":"1554195998723","userid":"39","datetime":"2-April-2019 2:36 pm","createdAt":{"$date":"2019-04-02T09:06:38.731Z"},"updatedAt":{"$date":"2019-04-02T09:06:38.731Z"},"__v":0}
{"_id":{"$oid":"5ca326ced0f52900042bbca2"},"message":"I wnt to be ur frnd","id":"1554196174069","userid":"94","datetime":"2-April-2019 2:39 pm","createdAt":{"$date":"2019-04-02T09:09:34.070Z"},"updatedAt":{"$date":"2019-04-02T09:09:34.070Z"},"__v":0}
{"_id":{"$oid":"5ca32852d0f52900042bbca3"},"message":"White pasta Chilli potato 🤣","id":"1554196562962","userid":"16","datetime":"2-April-2019 2:46 pm","createdAt":{"$date":"2019-04-02T09:16:02.962Z"},"updatedAt":{"$date":"2019-04-02T09:16:02.962Z"},"__v":0}
{"_id":{"$oid":"5ca3340bd0f52900042bbca4"},"message":"I never had the courage to say this. But I love you. I don't think society will accept us as being gay is considered as a criminal offence.","id":"1554199563974","userid":"30","datetime":"2-April-2019 3:36 pm","createdAt":{"$date":"2019-04-02T10:06:03.974Z"},"updatedAt":{"$date":"2019-04-02T10:06:03.974Z"},"__v":0}
{"_id":{"$oid":"5ca34d2b01dccc0004b52f90"},"message":"Boht sweet bandi !\r\nPata nahi kitne ghante kitabon mei gadi rehti h","id":"1554205995421","userid":"14","datetime":"2-April-2019 5:23 pm","createdAt":{"$date":"2019-04-02T11:53:15.427Z"},"updatedAt":{"$date":"2019-04-02T11:53:15.427Z"},"__v":0}
{"_id":{"$oid":"5ca355fdf23c810004e2afbf"},"message":"Nadiya paar ka shazaada ....... Hatim!!!!","id":"1554208253924","userid":"26","datetime":"2-April-2019 6:00 pm","createdAt":{"$date":"2019-04-02T12:30:53.926Z"},"updatedAt":{"$date":"2019-04-02T12:30:53.926Z"},"__v":0}
{"_id":{"$oid":"5ca35712f43adc0004e4cafc"},"message":"Wo baate...\r\nWo raate...\r\nWo pyari si kasme....\r\nBhulenge na.. mere dost...\r\nJab tak hai jaan .. jab tak hai jaan.. jab tak hai jaan\r\n","id":"1554208530802","userid":"29","datetime":"2-April-2019 6:05 pm","createdAt":{"$date":"2019-04-02T12:35:30.810Z"},"updatedAt":{"$date":"2019-04-02T12:35:30.810Z"},"__v":0}
